{
  "request_throughput": {
    "unit": "requests/sec",
    "avg": 9.194550336745497
  },
  "request_latency": {
    "unit": "ms",
    "avg": 10829.7515288876,
    "p25": 9481.271806749999,
    "p50": 9906.456463499999,
    "p75": 10553.11527575,
    "p90": 16092.118128999999,
    "p95": 16379.589317199998,
    "p99": 17012.87407482,
    "min": 6089.848639,
    "max": 22439.362962,
    "std": 2404.3669295201344
  },
  "request_count": {
    "unit": "count",
    "avg": 10000.0
  },
  "time_to_first_token": {
    "unit": "ms",
    "avg": 2270.3768721858,
    "p25": 407.63472774999997,
    "p50": 1205.0164515,
    "p75": 1976.84344425,
    "p90": 8945.0296301,
    "p95": 9235.7063297,
    "p99": 9780.16381045,
    "min": 221.736868,
    "max": 15546.490545999999,
    "std": 2990.8154503012183
  },
  "time_to_second_token": {
    "unit": "ms",
    "avg": 33.4693532641,
    "p25": 28.249764,
    "p50": 31.833330999999998,
    "p75": 36.65798025,
    "p90": 41.318444299999996,
    "p95": 43.858313049999985,
    "p99": 49.93425112,
    "min": 1.194741,
    "max": 524.2286809999999,
    "std": 19.08362131461828
  },
  "inter_token_latency": {
    "unit": "ms",
    "avg": 35.0789400141,
    "p25": 34.4154745,
    "p50": 35.836651499999995,
    "p75": 36.817136749999996,
    "p90": 37.9651946,
    "p95": 38.403965649999996,
    "p99": 38.979868700000004,
    "min": 23.868012999999998,
    "max": 39.850533999999996,
    "std": 2.786760172856327
  },
  "output_token_throughput": {
    "unit": "tokens/sec",
    "avg": 2252.6960939737914
  },
  "output_token_throughput_per_user": {
    "unit": "tokens/sec/user",
    "avg": 28.70899455734854,
    "p25": 27.161264787974837,
    "p50": 27.90439279741588,
    "p75": 29.056696576361716,
    "p90": 34.05012582858035,
    "p95": 34.462626209617824,
    "p99": 34.99832261309374,
    "min": 25.093766623052026,
    "max": 41.897077900870926,
    "std": 2.5511386176047877
  },
  "output_sequence_length": {
    "unit": "tokens",
    "avg": 245.0034,
    "p25": 245.0,
    "p50": 245.0,
    "p75": 245.0,
    "p90": 245.0,
    "p95": 245.0,
    "p99": 245.0,
    "min": 236.0,
    "max": 251.0,
    "std": 0.16182842766337438
  },
  "input_sequence_length": {
    "unit": "tokens",
    "avg": 1000.0,
    "p25": 1000.0,
    "p50": 1000.0,
    "p75": 1000.0,
    "p90": 1000.0,
    "p95": 1000.0,
    "p99": 1000.0,
    "min": 1000.0,
    "max": 1000.0,
    "std": 0.0
  },
  "input_config": {
    "model_names": [
      "DeepSeek-R1-Distill-Llama-70B-FP8-dynamic"
    ],
    "subcommand": "profile",
    "verbose": false,
    "template_filename": "genai_perf_config.yaml",
    "analyze": {
      "sweep_parameters": {
        "concurrency": {
          "min": 1,
          "max": 1024
        }
      }
    },
    "endpoint": {
      "model_selection_strategy": "round_robin",
      "backend": "tensorrtllm",
      "custom": "v1/chat/completions",
      "type": "chat",
      "streaming": true,
      "server_metrics_urls": [
        "http://localhost:8002/metrics"
      ],
      "url": "10.200.1.13:8000",
      "grpc_method": "",
      "service_kind": "openai",
      "output_format": "openai_chat_completions"
    },
    "perf_analyzer": {
      "path": "perf_analyzer",
      "verbose": false,
      "stimulus": {
        "concurrency": 100
      },
      "stability_percentage": 999,
      "measurement": {
        "mode": "request_count",
        "num": 10000
      },
      "warmup_request_count": 200
    },
    "input": {
      "batch_size": 1,
      "extra": {
        "max_tokens": 245,
        "min_tokens": 245,
        "ignore_eos": true,
        "nvext": {
          "ignore_eos": true
        }
      },
      "goodput": "",
      "header": "",
      "file": "",
      "num_dataset_entries": 200,
      "random_seed": 100,
      "audio": {
        "batch_size": 1,
        "length": {
          "mean": 0,
          "stddev": 0
        },
        "format": "wav",
        "depths": [
          16
        ],
        "sample_rates": [
          16
        ],
        "num_channels": 1
      },
      "image": {
        "width": {
          "mean": 0,
          "stddev": 0
        },
        "height": {
          "mean": 0,
          "stddev": 0
        },
        "batch_size": 1,
        "format": "png"
      },
      "output_tokens": {
        "mean": 245,
        "deterministic": false,
        "stddev": 0
      },
      "synthetic_tokens": {
        "mean": 1000,
        "stddev": 0
      },
      "prefix_prompt": {
        "num": 0,
        "length": 100
      },
      "sessions": {
        "num": 0,
        "turns": {
          "mean": 1,
          "stddev": 0
        },
        "turn_delay": {
          "mean": 0,
          "ratio": 1.0,
          "stddev": 0
        }
      },
      "prompt_source": "synthetic",
      "synthetic_files": [],
      "payload_file": ""
    },
    "output": {
      "artifact_directory": "artifacts",
      "checkpoint_directory": "checkpoint",
      "profile_export_file": "profile_export.json",
      "generate_plots": false
    },
    "tokenizer": {
      "name": "/models/hub/models--neuralmagic--DeepSeek-R1-Distill-Llama-70B-FP8-dynamic/snapshots/fb3637a1165cec3832958bd72ebbe04021601489",
      "revision": "main",
      "trust_remote_code": false
    }
  }
}